{
    "Linear Regression": {
        "Ram": 0.12317932471225052,
        "Weight": 0.05825640010321187,
        "Touchscreen": -0.03679639581775312,
        "Ips": 0.01835125288284574,
        "ppi": 0.0998974717851784,
        "HDD": 0.009616186333915285,
        "SSD": 0.12613571260737627,
        "Hybrid": 0.0076468707274991,
        "Flash_Storage": 0.021356016979201423,
        "Company_Apple": 0.043086885147076884,
        "Company_Asus": 0.03538724512422299,
        "Company_Chuwi": -0.017950569345436748,
        "Company_Dell": 0.06632204936850139,
        "Company_Fujitsu": -0.00030273382738116707,
        "Company_Google": 0.024822609793589648,
        "Company_HP": 0.0767620802663221,
        "Company_Huawei": 0.0020268696774182124,
        "Company_LG": 0.02341892516744112,
        "Company_Lenovo": 0.04287236971449109,
        "Company_MSI": 0.04253498240986086,
        "Company_Mediacom": -0.020107221455272738,
        "Company_Microsoft": 0.024937940235468824,
        "Company_Razer": 0.020806269540576135,
        "Company_Samsung": 0.024600163869201764,
        "Company_Toshiba": 0.06244961963556242,
        "Company_Vero": -0.030476388967679877,
        "Company_Xiaomi": 0.019007581152750103,
        "TypeName_Gaming": -0.005868636835881738,
        "TypeName_Netbook": -0.02862242107908347,
        "TypeName_Notebook": -0.1093961831594116,
        "TypeName_Ultrabook": 0.010414387672253958,
        "TypeName_Workstation": 0.07067505008034641,
        "Cpu brand_Intel Core i3": 0.025707831169711336,
        "Cpu brand_Intel Core i5": 0.18523508895905946,
        "Cpu brand_Intel Core i7": 0.22198318193051186,
        "Cpu brand_Other Intel Processor": -0.059281528525378956,
        "Gpu brand_Intel": 0.05295633626097611,
        "Gpu brand_Nvidia": 0.04360195343666155,
        "os_Others/No OS/Linux": -0.04661029252336003,
        "os_Windows": 0.028011968510642717
    },
    "Ridge Regression": {
        "Ram": 0.1234474527807851,
        "Weight": 0.05697957732127755,
        "Touchscreen": -0.0348752881458745,
        "Ips": 0.018663508469895007,
        "ppi": 0.09929562167742924,
        "HDD": 0.009286971343339981,
        "SSD": 0.12580747521848631,
        "Hybrid": 0.007435521001124927,
        "Flash_Storage": 0.021017342926118458,
        "Company_Apple": 0.042734442174075196,
        "Company_Asus": 0.033688435987130144,
        "Company_Chuwi": -0.018066583520629304,
        "Company_Dell": 0.06506789804093831,
        "Company_Fujitsu": -0.0004635196654822673,
        "Company_Google": 0.024249951645220657,
        "Company_HP": 0.07472755689712522,
        "Company_Huawei": 0.0018624106072679732,
        "Company_LG": 0.022903286368697515,
        "Company_Lenovo": 0.04099791783184367,
        "Company_MSI": 0.04155296844615436,
        "Company_Mediacom": -0.020403314267301548,
        "Company_Microsoft": 0.02434238128932756,
        "Company_Razer": 0.020234747618967104,
        "Company_Samsung": 0.02421239194264683,
        "Company_Toshiba": 0.06128707401616734,
        "Company_Vero": -0.030661607700439575,
        "Company_Xiaomi": 0.01863042553613702,
        "TypeName_Gaming": -0.002627008735375918,
        "TypeName_Netbook": -0.027757940558157706,
        "TypeName_Notebook": -0.10574522710934463,
        "TypeName_Ultrabook": 0.012652748907189483,
        "TypeName_Workstation": 0.07162066797113696,
        "Cpu brand_Intel Core i3": 0.01965203359450306,
        "Cpu brand_Intel Core i5": 0.17589787275420202,
        "Cpu brand_Intel Core i7": 0.2124440127030507,
        "Cpu brand_Other Intel Processor": -0.065400421842343,
        "Gpu brand_Intel": 0.055286915932767876,
        "Gpu brand_Nvidia": 0.046022768154702416,
        "os_Others/No OS/Linux": -0.046347030346629105,
        "os_Windows": 0.027894409436503745
    },
    "Lasso Regression": {
        "Ram": 0.1236560435259343,
        "Weight": 0.05643587092462557,
        "Touchscreen": -0.03410281619931111,
        "Ips": 0.017969069400492987,
        "ppi": 0.09927941242070769,
        "HDD": 0.008699815943798875,
        "SSD": 0.1256657650153553,
        "Hybrid": 0.007129005571794034,
        "Flash_Storage": 0.020833305929021627,
        "Company_Apple": 0.03181475389452586,
        "Company_Asus": 0.032410626303447744,
        "Company_Chuwi": -0.018029742361404526,
        "Company_Dell": 0.06253663288405528,
        "Company_Fujitsu": -0.0004141213965700951,
        "Company_Google": 0.023749157151682982,
        "Company_HP": 0.07330199064824347,
        "Company_Huawei": 0.0014766336869262656,
        "Company_LG": 0.022483671041253567,
        "Company_Lenovo": 0.039543592228245494,
        "Company_MSI": 0.0401831808811673,
        "Company_Mediacom": -0.02042961903278266,
        "Company_Microsoft": 0.02376299245401972,
        "Company_Razer": 0.019414155171242214,
        "Company_Samsung": 0.023591858821683277,
        "Company_Toshiba": 0.06042148580733376,
        "Company_Vero": -0.030734253495907346,
        "Company_Xiaomi": 0.01834161148060941,
        "TypeName_Gaming": -0.00044421128869667927,
        "TypeName_Netbook": -0.02744053649088655,
        "TypeName_Notebook": -0.10477037484558198,
        "TypeName_Ultrabook": 0.013059583338048814,
        "TypeName_Workstation": 0.0719638702592603,
        "Cpu brand_Intel Core i3": 0.02438737292078442,
        "Cpu brand_Intel Core i5": 0.18373041680411814,
        "Cpu brand_Intel Core i7": 0.22080809816497887,
        "Cpu brand_Other Intel Processor": -0.060383908963576836,
        "Gpu brand_Intel": 0.051753572681503,
        "Gpu brand_Nvidia": 0.04234698733454012,
        "os_Others/No OS/Linux": -0.07287415543739191,
        "os_Windows": 0.0
    },
    "Decision Tree": {
        "Ram": 0.6420019474078857,
        "Weight": 0.05305068983991613,
        "Touchscreen": 0.0028951824688553253,
        "Ips": 0.004948910209908246,
        "ppi": 0.04959379527116836,
        "HDD": 0.0037091049176969574,
        "SSD": 0.02134552436121483,
        "Hybrid": 0.0,
        "Flash_Storage": 0.0006988879956138166,
        "Company_Apple": 0.0,
        "Company_Asus": 0.005726795413550597,
        "Company_Chuwi": 0.0003592267302292441,
        "Company_Dell": 0.0034354181407269626,
        "Company_Fujitsu": 0.00016155985407555873,
        "Company_Google": 0.0,
        "Company_HP": 0.002907520337937469,
        "Company_Huawei": 0.0,
        "Company_LG": 0.0,
        "Company_Lenovo": 0.0030870194945782545,
        "Company_MSI": 0.0,
        "Company_Mediacom": 0.0,
        "Company_Microsoft": 0.0,
        "Company_Razer": 0.001838043874506057,
        "Company_Samsung": 0.0,
        "Company_Toshiba": 0.0009269068451295946,
        "Company_Vero": 0.0012720345981046429,
        "Company_Xiaomi": 0.0,
        "TypeName_Gaming": 0.0,
        "TypeName_Netbook": 8.606272430406867e-05,
        "TypeName_Notebook": 0.05508460062135879,
        "TypeName_Ultrabook": 0.0011866654402321781,
        "TypeName_Workstation": 0.01650269241170168,
        "Cpu brand_Intel Core i3": 0.0026493748972118026,
        "Cpu brand_Intel Core i5": 0.02590916835066398,
        "Cpu brand_Intel Core i7": 0.010713218520372988,
        "Cpu brand_Other Intel Processor": 0.07010722482692812,
        "Gpu brand_Intel": 0.0038436128388952212,
        "Gpu brand_Nvidia": 0.001596703114368429,
        "os_Others/No OS/Linux": 0.014193062738780345,
        "os_Windows": 0.00016904575408460354
    },
    "Random Forest": {
        "Ram": 0.5863987734643755,
        "Weight": 0.08972728549524313,
        "Touchscreen": 0.004711378164351568,
        "Ips": 0.006286240925940461,
        "ppi": 0.0637193936895097,
        "HDD": 0.005780787699601566,
        "SSD": 0.02510979405084897,
        "Hybrid": 8.651253400821613e-05,